<environmentvariabledefinition schemaname="kch_ElfPalette">
  <description default="When install set value #DE3535">
    <label description="When install set value #DE3535" languagecode="1033" />
  </description>
  <displayname default="ElfPalette">
    <label description="ElfPalette" languagecode="1033" />
  </displayname>
  <introducedversion>1.0.0.0</introducedversion>
  <iscustomizable>1</iscustomizable>
  <isrequired>0</isrequired>
  <secretstore>0</secretstore>
  <type>100000000</type>
</environmentvariabledefinition>