<environmentvariabledefinition schemaname="kch_SantaMail">
  <description default="Enter your (Santa's) mail">
    <label description="Enter your (Santa's) mail" languagecode="1033" />
  </description>
  <displayname default="SantaMail">
    <label description="SantaMail" languagecode="1033" />
  </displayname>
  <introducedversion>1.0.0.0</introducedversion>
  <iscustomizable>1</iscustomizable>
  <isrequired>0</isrequired>
  <secretstore>0</secretstore>
  <type>100000000</type>
</environmentvariabledefinition>